,Cluster,P-Value - ts,P-Value - greater,P-Value - less,Classification
0,1.0,0.0003110939683820278,0.9998444821129925,0.0001555469841910139,less
1,2.0,0.001470716632582126,0.000735358316291063,0.999264768782221,greater
2,3.0,3.4276183015682455e-19,1.7138091507841227e-19,1.0,greater
3,0.0,0.2936962256565112,0.1468481128282556,0.8531631558247428,none
