,Cluster,P-Value - ts,P-Value - greater,P-Value - less,Classification
0,Fotos em close - Lula,1.0287194176555764e-06,5.143597088277882e-07,0.9999994859089607,greater
1,"Propagandas, com imagens editadas",4.922650134672595e-26,1.0,2.4613250673362976e-26,less
2,Generico (sem padrao),1.8426419376835695e-11,9.213209688417847e-12,0.9999999999907926,greater
3,Eventos com aglomeracoes,2.951104820640816e-15,1.475552410320408e-15,0.9999999999999986,greater
4,Propaganda textual,3.446572010786913e-05,0.9999827881672099,1.7232860053934565e-05,less
5,Fotos em close (com ou sem lula),0.5065284413423538,0.746783586062752,0.2532642206711769,none
