,Cluster,P-Value - ts,P-Value - greater,P-Value - less,Classification
0,Foto em close,2.025772499856067e-21,1.0128862499280334e-21,1.0,greater
1,Eventos externos com publico,2.9464783328986677e-14,0.9999999999999852,1.4732391664493338e-14,less
2,Ambiente interno/escritorio,0.005598278031725178,0.9972033592560151,0.002799139015862589,less
3,Motociatas,6.617792082029149e-13,0.9999999999996695,3.3088960410145747e-13,less
