,Cluster,P-Value - ts,P-Value - greater,P-Value - less,Classification
0,3.0,3.582408336906525e-06,0.9999982172769687,1.7912041684532626e-06,less
1,5.0,0.005872091916481878,0.997073173394516,0.002936045958240939,less
2,4.0,3.0530851339680956e-05,0.9999848901726415,1.5265425669840478e-05,less
3,1.0,0.00023394030393031627,0.00011697015196515814,0.9998835921519788,greater
4,2.0,0.0007081428919092728,0.0003540714459546364,0.9996488490494099,greater
5,6.0,0.006168676255779804,0.003084338127889902,0.9969283437241364,greater
6,0.0,0.000776509597469771,0.0003882547987348855,0.9996144248407124,greater
