,Cluster 1,Cluster 2,P-Value - ts,P-Value - greater,P-Value - less,Classification
0,1.0,2.0,0.0004366152784973157,0.9997817408819948,0.00021830763924865786,less
1,1.0,3.0,8.508083051290466e-13,0.9999999999995748,4.254041525645233e-13,less
2,1.0,0.0,0.02029505774530234,0.9898536503721564,0.01014752887265117,none
3,2.0,3.0,0.00047866729213960933,0.9997607376455361,0.00023933364606980466,less
4,2.0,0.0,0.12982619876875345,0.06491309938437673,0.9350937269997481,none
5,3.0,0.0,9.063169602127843e-08,4.5315848010639215e-08,0.9999999546985991,greater
